name,add,pno
Alvin Joyner,678-8957 Nisi Avenue,1
Jasper G. Robertson,8336 Tincidunt Av.,2
Deirdre Fulton,624-9370 Nisl. Street,3
Hillary Craig,Ap #198-3439 Id Av.,4
Blaze Carr,Ap #283-9985 Purus Road,5
Lisandra Mcneil,"P.O. Box 552, 5738 Mauris St.",6
Isaiah F. Lowery,6489 Dictum Avenue,7
Griffith O. Conway,Ap #558-2231 Semper Road,8
Natalie E. Walton,"P.O. Box 716, 5303 Ipsum. Ave",9
Heather C. Mann,Ap #660-8198 Enim St.,10
Jescie E. Battle,"8226 Augue, Rd.",11
Alden O. Witt,300-7347 At Road,12
Orlando R. Weaver,4732 Nibh Ave,13
Knox O. Long,"P.O. Box 769, 2360 Condimentum Av.",14
Cathleen Pennington,"9852 In, Rd.",15
Brenda Morris,"P.O. Box 613, 3701 Iaculis Av.",16
Christian X. Foster,"P.O. Box 292, 2808 Vehicula. St.",17
Glenna Mcneil,956-1700 Mauris Ave,18
Ursula R. Brady,315-2224 Nulla. St.,19
Daphne Bell,"P.O. Box 800, 1594 Nullam St.",20
Herrod S. Rollins,Ap #623-8647 Ornare. Road,21
Phoebe T. Flores,"P.O. Box 153, 8552 Eu Rd.",22
Lester Guerrero,174-9594 Lacinia Street,23
Armando D. Rush,"5586 At, Rd.",24
Chava Blackburn,"3620 Nec, Rd.",25
Eaton Huffman,"P.O. Box 342, 7559 Velit. Rd.",26
Brett Russell,Ap #777-1903 Ac Ave,27
Hedy T. Livingston,1180 Quis Av.,28
Brenna S. Thornton,485-4995 Fusce St.,29
Charlotte V. Meyer,Ap #258-8705 Urna. Avenue,30
Rhonda W. Mullins,"P.O. Box 961, 535 Nulla. Rd.",31
Debra Barr,"P.O. Box 114, 9381 Erat. St.",32
Kelly Fuller,2635 Augue St.,33
Chancellor E. Reynolds,9116 Condimentum. Av.,34
Rogan Clements,909-6162 Ultrices St.,35
Shafira P. Peters,"P.O. Box 342, 6640 Sit Av.",36
Cynthia Q. Greene,8661 Dapibus St.,37
Cleo E. Burris,144-6349 Morbi Street,38
Nayda Waller,Ap #684-789 Volutpat Street,39
Rhonda Mcfarland,Ap #911-217 Lorem Av.,40
Isadora Bray,7175 Sed Street,41
Curran Christian,Ap #440-9300 Dignissim Street,42
Grace G. Aguilar,Ap #815-3786 Orci Rd.,43
Honorato A. Wilcox,242-1439 Feugiat. Av.,44
Jackson T. Castillo,Ap #378-6522 Cursus. Av.,45
Otto Martin,"Ap #925-9760 Lorem, Road",46
Darrel N. Johns,"Ap #980-1860 Lorem, Street",47
Phyllis Spence,Ap #808-5127 Aliquam Av.,48
Adrienne X. Macdonald,"Ap #167-3686 Vel, Av.",49
Kirsten Todd,"Ap #392-9139 Eget, St.",50
Sybill Henderson,"P.O. Box 264, 4531 Molestie. St.",51
Ingrid Pittman,"Ap #379-6688 Amet, Road",52
Dale Q. Black,"P.O. Box 345, 8889 Aliquam Rd.",53
Blythe E. Blackwell,"Ap #773-2705 Fringilla, Rd.",54
Janna Jenkins,"P.O. Box 953, 6330 Ante. Ave",55
Olympia Valencia,906-1821 Quis Av.,56
Odette T. Ellison,444-6048 Accumsan Rd.,57
Dillon P. Stokes,"3786 Eget, Rd.",58
Erasmus O. Salas,"769-4534 Vitae, St.",59
Courtney Estes,8732 Amet Rd.,60
Nehru Atkins,427-8995 Non Ave,61
Dora Mack,"P.O. Box 374, 3963 A, Rd.",62
Walter U. Parks,"P.O. Box 707, 500 Convallis Avenue",63
Myra C. Massey,9394 Sit Ave,64
Wylie Dotson,"P.O. Box 894, 982 Sodales. Avenue",65
Lewis Stokes,570-1965 Donec Avenue,66
Sigourney Bernard,4839 Semper Street,67
Steven P. Lang,Ap #134-7625 At Avenue,68
Orson Reese,"Ap #710-8893 Quam, Street",69
Louis R. Brewer,Ap #649-2590 Quisque Street,70
Mira Perez,"P.O. Box 901, 8298 Amet Rd.",71
Margaret P. Stevens,9507 Elit Street,72
Kerry Mcgee,"612-3418 Pellentesque, Ave",73
Zenaida A. Vang,"P.O. Box 467, 8347 Duis St.",74
Yvette K. Levine,"Ap #151-3142 Pede, Avenue",75
Jael Mercer,"P.O. Box 288, 8041 Enim, Road",76
Chanda Garrett,"P.O. Box 881, 648 Blandit St.",77
Haviva Navarro,Ap #578-6562 Tellus Ave,78
Nora Meadows,Ap #989-7468 Cubilia Rd.,79
Hiroko Herman,4209 Ut Avenue,80
Laith Nicholson,Ap #928-8765 Luctus St.,81
Hakeem P. Reynolds,1869 Maecenas Av.,82
Lance Murray,942-6237 Quis St.,83
Maya Powell,9664 Donec Ave,84
Robert Cooley,Ap #643-4278 Est St.,85
Blaine Mcneil,Ap #411-2723 Purus Rd.,86
Quintessa C. Torres,Ap #512-8715 Erat Ave,87
Deacon Harrison,861-9581 Malesuada Av.,88
Rowan P. Hubbard,"P.O. Box 101, 8927 A Ave",89
Mufutau Z. Morales,913-4234 Non St.,90
Bert Zamora,"5695 Eu, Ave",91
Donovan Klein,4340 Tristique St.,92
Chadwick Dorsey,Ap #661-7255 Semper Ave,93
Serina Q. Chavez,7638 Fringilla. St.,94
Hollee Clayton,"Ap #268-4191 A, Av.",95
Felicia M. Schroeder,"P.O. Box 712, 6751 Montes, St.",96
Ivan Velasquez,366-2462 Orci St.,97
Damian Figueroa,362-2842 Augue Avenue,98
Emerson Blevins,660-9218 Dolor Avenue,99
Cruz Peck,331-8848 Ultrices Street,100